radius,zone_deviation,highlight,label
0.364,0.366,False,59-zone-1_string
0.856,0.3,False,Objective_2860
1.0365,0.187,False,Objective_1840
1.0365,0.187,False,Objective_1740
1.16,0.199,False,Objective_2080
1.1635,0.279,False,18-zone-1_2
1.1705,0.263,False,Objective_2830
1.18,0.231,False,Objective_2260
1.18,0.231,False,Objective_2360
1.213,0.269,False,Objective_2810
1.213,0.269,False,Objective_2810
1.2995,0.238,False,Objective_2320
1.4005,0.265,False,13-zone-7
1.4405,0.193,False,Objective_2700
1.4405,0.197,False,Objective_2710
1.4405,0.201,False,Objective_2220
1.443,0.267,False,Objective_2270
1.5045,0.168,False,Objective_2129
1.505,0.184,False,Objective_2120
1.505,0.184,False,Objective_2120
1.5055,0.264,False,Objective_2380
1.5115,0.234,False,Objective_1970
1.5115,0.234,False,Objective_2040
1.5115,0.241,False,Objective_2030
1.5115,0.241,False,Objective_2030
1.518,0.185,False,Objective_2300
1.528,0.243,False,Objective_2050
1.5315,0.261,False,18-zone-1_1
1.584,0.284,False,Objective_2300
1.5925,0.273,False,Objective_2380
1.6135,0.269,False,Objective_2300
1.6255,0.245,False,Objective_2060
1.6255,0.27,False,Objective_2930
1.6485,0.177,False,Objective_2110
1.658,0.236,False,Objective_2280
1.658,0.237,False,Objective_1950
1.658,0.237,False,Objective_2060
1.663,0.234,False,Objective_1950
1.6925,0.242,False,Objective_2520
1.709,0.238,False,Objective_1360
1.709,0.238,False,Objective_1359
1.717,0.199,False,Objective_2240
1.729,0.211,False,Objective_1370
1.7325,0.277,False,Objective_2850
1.7635,0.231,False,Objective_2110
1.7635,0.235,False,Objective_2410
1.7635,0.242,False,Objective_2100
1.7635,0.242,False,Objective_1970
1.7635,0.246,False,Objective_2160
1.7635,0.246,False,Objective_2160
1.7645,0.1,False,Objective_2220
1.765,0.252,False,Objective_2340
1.784,0.203,False,Objective_1830
1.784,0.233,False,Objective_1850
1.795,0.155,False,Objective_1910
1.795,0.156,False,Objective_2270
1.8145,0.125,False,Objective_2360
1.8215,0.177,False,Objective_1660
1.8215,0.227,False,Objective_1640
1.8295,0.137,False,Objective_1460
1.8295,0.145,False,Objective_1490
1.8295,0.145,False,Objective_1510
1.8295,0.17,False,Objective_1340
1.8295,0.17,False,Objective_1340
1.8295,0.179,False,Objective_1900
1.8385,0.227,False,Objective_1680
1.8385,0.227,False,Objective_1800
1.8385,0.227,False,Objective_1680
1.8385,0.227,False,Objective_1680
1.8385,0.232,False,Objective_2070
1.852,0.175,False,Objective_2130
1.852,0.176,False,Objective_1840
1.852,0.214,False,Objective_2080
1.852,0.214,False,Objective_2140
1.852,0.222,False,Objective_1980
1.852,0.222,False,Objective_2450
1.852,0.222,False,Objective_2520
1.852,0.222,False,Objective_2490
1.852,0.227,False,Objective_2400
1.852,0.229,False,Objective_1970
1.8525,0.161,False,Objective_2450
1.8585,0.197,False,Objective_2070
1.8655,0.243,False,Objective_2110
1.873,0.228,False,Objective_1380
1.8765,0.179,False,Objective_1780
1.8875,0.176,False,Objective_1420
1.8875,0.179,False,Objective_1410
1.8875,0.179,False,Objective_1410
1.9095,0.157,False,Objective_1820
1.919,0.143,False,Objective_1480
1.934,0.28,False,Objective_2900
1.934,0.288,False,Objective_2820
1.9535,0.201,False,Objective_1820
1.961,0.152,False,Objective_1810
1.9765,0.231,False,10-zone-11
1.978,0.133,False,Objective_1590
1.978,0.147,False,Objective_1500
1.978,0.147,False,Objective_1500
1.978,0.159,False,Objective_1500
1.978,0.159,False,Objective_1500
2.0015,0.17,False,Objective_1950
2.0015,0.172,False,Objective_1870
2.0015,0.219,False,Objective_1880
2.0015,0.219,False,Objective_1940
2.0015,0.22,False,Objective_1190
2.0015,0.223,False,Objective_1790
2.0015,0.224,False,Objective_1720
2.0015,0.229,False,Objective_1710
2.0015,0.23,False,Objective_1790
2.0015,0.232,False,Objective_1780
2.0015,0.232,False,Objective_1780
2.0015,0.233,False,Objective_1720
2.0015,0.238,False,Objective_1750
2.0115,0.137,False,Objective_1390
2.0115,0.145,False,Objective_1380
2.015,0.153,False,Objective_1400
2.023,0.191,False,Objective_2159
2.0895,0.166,False,Objective_1730
2.0915,0.14,False,Objective_1530
2.111,0.189,False,Objective_1390
2.111,0.196,False,Objective_1380
2.111,0.199,False,Objective_1380
2.112,0.145,False,Objective_1400
2.1275,0.177,False,Objective_2150
2.1275,0.185,False,Objective_2630
2.128,0.149,False,Objective_1170
2.151,0.18,False,Objective_1740
2.151,0.183,False,Objective_1720
2.151,0.184,False,Objective_1350
2.157,0.215,False,Objective_1250
2.157,0.215,False,Objective_1250
2.157,0.223,False,Objective_1220
2.172,0.14,False,Objective_1440
2.173,0.295,False,Objective_2450
2.173,0.296,False,Objective_2480
2.178,0.146,False,Objective_1120
2.186,0.159,False,Objective_1040
2.205,0.201,False,Objective_1960
2.2245,0.139,False,Objective_1870
2.2305,0.15,False,Objective_990
2.2305,0.15,False,Objective_990
2.256,0.181,False,Objective_2290
2.257,0.126,False,Objective_1450
2.261,0.15,False,Objective_2150
2.2635,0.14,False,Objective_1470
2.286,0.144,False,Objective_1880
2.286,0.145,False,Objective_1890
2.298,0.175,False,Objective_1560
2.298,0.175,False,Objective_1800
2.298,0.19,False,Objective_1640
2.298,0.193,False,Objective_1640
2.317,0.159,False,Objective_980
2.317,0.159,False,Objective_980
2.317,0.159,False,Objective_980
2.3825,0.145,False,Objective_1840
2.3825,0.145,False,Objective_1850
2.3825,0.148,False,Objective_1730
2.3825,0.15,False,Objective_1740
2.39,0.165,False,Objective_1460
2.4255,0.108,False,Objective_1790
2.4255,0.113,False,Objective_1860
2.454,0.205,False,Objective_1320
2.466,0.169,False,Objective_1380
2.4715,0.147,False,Objective_1120
2.4715,0.194,False,Objective_1059
2.4715,0.2,False,Objective_1050
2.4715,0.2,False,Objective_1290
2.4855,0.137,False,Objective_1080
2.4855,0.137,False,Objective_960
2.4855,0.14,False,Objective_1120
2.4895,0.263,False,Objective_2090
2.494,0.159,False,Objective_1190
2.5005,0.129,False,Objective_1450
2.523,0.266,False,Objective_2090
2.534,0.103,False,Objective_1470
2.5395,0.148,False,Objective_1820
2.5395,0.148,False,Objective_1920
2.5545,0.126,False,6-zone-9_1
2.5545,0.126,False,6-zone-9_2
2.5565,0.213,False,Objective_2080
2.5705,0.157,False,6-zone-1
2.641,0.101,False,Objective_1500
2.6465,0.113,False,Objective_2090
2.65,0.18,False,Objective_2260
2.664,0.145,False,Objective_1070
2.664,0.145,False,Objective_1070
2.664,0.201,False,Objective_1150
2.664,0.201,False,Objective_1150
2.6715,0.121,False,Objective_1980
2.6935,0.195,False,Objective_1010
2.6935,0.197,False,Objective_1010
2.6935,0.197,False,Objective_1010
2.717,0.087,False,Objective_1380
2.724,0.112,False,Objective_1930
2.769,0.147,False,Objective_1250
2.769,0.158,False,Objective_1180
2.769,0.17,False,Objective_860
2.769,0.17,False,Objective_860
2.769,0.172,False,Objective_1110
2.7855,0.1,False,Objective_1540
2.792,0.109,False,Objective_1310
2.8015,0.137,False,Objective_930
2.8015,0.137,False,Objective_960
2.8015,0.138,False,Objective_930
2.8015,0.138,False,Objective_930
2.8015,0.138,False,Objective_960
2.8015,0.138,False,Objective_960
2.8015,0.139,False,Objective_980
2.8015,0.139,False,Objective_920
2.8015,0.146,False,Objective_920
2.8015,0.146,False,Objective_950
2.8015,0.146,False,Objective_920
2.82,0.111,False,Objective_1160
2.825,0.13,False,Objective_940
2.825,0.131,False,Objective_940
2.825,0.133,False,Objective_970
2.825,0.135,False,Objective_970
2.825,0.135,False,Objective_940
2.825,0.149,False,Objective_990
2.825,0.15,False,Objective_960
2.825,0.152,False,Objective_990
2.83,0.119,False,Objective_1060
2.86,0.171,False,Objective_2170
2.87,0.156,False,Objective_1080
2.87,0.156,False,Objective_1080
2.87,0.156,False,Objective_1080
3.0445,0.154,False,Objective_1350
3.0445,0.161,False,Objective_1350
3.0765,0.097,False,Objective_1570
3.114,0.151,False,Objective_1000
3.263,0.147,False,Objective_1600
3.3705,0.144,False,Objective_1550
3.4355,0.087,False,Objective_1150
3.4355,0.088,False,Objective_1140
3.4495,0.09,False,Objective_1530
3.518,0.083,False,Objective_1080
3.5545,0.136,False,Objective_1060
3.5545,0.136,False,Objective_1030
3.5545,0.137,False,Objective_1030
3.5545,0.137,False,Objective_1060
3.5545,0.152,False,Objective_1050
3.5545,0.153,False,Objective_1050
3.821,0.123,False,Objective_2100
3.903,0.067,False,Objective_1730
0.152,0.405,True,Status Quo
1.227,0.27,True,Small 1
1.9165,0.142,True,Small 2
2.5665,0.105,True,Medium
